{"MasterVolume":0.37787196,"BgmVolume":0.893381953,"SfxVolume":0.6072672,"Pause":false}